1,Cori,Wissby,cwissby0@netlog.com,Female
2,Barri,Minter,bminter1@webeden.co.uk,Male
3,Elyssa,O'Shirine,eoshirine2@elegantthemes.com,Female
4,Mendie,Bransom,mbransom3@qq.com,Male
5,Faulkner,Poulney,fpoulney4@wix.com,Male
6,Farr,Dungay,fdungay5@cbslocal.com,Male
7,Ty,Flemming,tflemming6@reference.com,Male
8,Stephenie,Yarrell,syarrell7@sina.com.cn,Female
9,Angil,Lawman,alawman8@biglobe.ne.jp,Female
10,Sorcha,Motherwell,smotherwell9@patch.com,Female
11,Remy,Natt,rnatta@berkeley.edu,Female
12,Kahaleel,Byer,kbyerb@fotki.com,Male
13,Cassi,Ashplant,cashplantc@blogspot.com,Female
14,Nicholle,Suthworth,nsuthworthd@reuters.com,Female
15,Rochella,Spurr,rspurre@edublogs.org,Female
16,Rock,Bunn,rbunnf@creativecommons.org,Male
17,Franny,Symmons,fsymmonsg@earthlink.net,Female
18,Eddi,Falkingham,efalkinghamh@utexas.edu,Female
19,Cassie,Snibson,csnibsoni@google.com,Female
20,Bo,Custy,bcustyj@cocolog-nifty.com,Male
21,Randell,Spedding,rspeddingk@yelp.com,Male
22,Hercules,Janic,hjanicl@tripadvisor.com,Male
23,Roma,Cowerd,rcowerdm@yahoo.com,Male
24,Armando,Charman,acharmann@cloudflare.com,Male
25,Felicia,Rhymer,frhymero@liveinternet.ru,Female
26,Jaquelin,Quoit,jquoitp@yandex.ru,Female
27,Grant,Bartolozzi,gbartolozziq@hao123.com,Male
28,Lona,Slewcock,lslewcockr@tmall.com,Female
29,Justus,Pallis,jpalliss@reuters.com,Male
30,Adore,Fadell,afadellt@nifty.com,Female
31,Maximilianus,Allans,mallansu@dedecms.com,Male
32,Vlad,Temporal,vtemporalv@dropbox.com,Male
33,Delano,Balog,dbalogw@ucoz.ru,Male
34,Hugo,Lenton,hlentonx@nyu.edu,Male
35,Andres,Hulatt,ahulatty@devhub.com,Male
36,Delaney,Hearne,dhearnez@google.com,Male
37,Rozanne,Holtaway,rholtaway10@youku.com,Female
38,Adrien,Iiannone,aiiannone11@google.co.jp,Male
39,Clem,Lammenga,clammenga12@deliciousdays.com,Female
40,Vasily,Matthews,vmatthews13@miitbeian.gov.cn,Male
41,Artemis,Jiggen,ajiggen14@unesco.org,Male
42,Meridith,Shadfourth,mshadfourth15@cam.ac.uk,Female
43,Geneva,Brealey,gbrealey16@1688.com,Female
44,Vere,Plascott,vplascott17@nih.gov,Female
45,Rafaello,Zoanetti,rzoanetti18@yahoo.co.jp,Male
46,Deeyn,Veazey,dveazey19@pinterest.com,Female
47,Carey,Aronsohn,caronsohn1a@apple.com,Male
48,Augustina,Kubanek,akubanek1b@fema.gov,Female
49,Brooks,Tooley,btooley1c@shutterfly.com,Female
50,Dagmar,Gutherson,dgutherson1d@china.com.cn,Female
51,Rosa,Halms,rhalms1e@washington.edu,Female
52,Gisela,Patek,gpatek1f@princeton.edu,Female
53,Rochell,Tribble,rtribble1g@jalbum.net,Female
54,Perry,Naish,pnaish1h@sohu.com,Male
55,Juliann,Tilly,jtilly1i@elegantthemes.com,Female
56,Christine,Reoch,creoch1j@blinklist.com,Female
57,Ingrim,Spaven,ispaven1k@feedburner.com,Male
58,Glynda,Ponten,gponten1l@businesswire.com,Female
59,Robbie,Ollis,rollis1m@biblegateway.com,Female
60,Eda,Eakley,eeakley1n@salon.com,Female
61,Shermy,Cowper,scowper1o@boston.com,Male
62,Genovera,Francescone,gfrancescone1p@tiny.cc,Female
63,Bevvy,Heustice,bheustice1q@soundcloud.com,Female
64,Christoffer,Ochterlony,cochterlony1r@networkadvertising.org,Male
65,Tiertza,Costello,tcostello1s@soundcloud.com,Female
66,Tybie,Fortey,tfortey1t@arstechnica.com,Female
67,Leicester,Mac Giolla Pheadair,lmacgiollapheadair1u@ca.gov,Male
68,Wallis,Dowdell,wdowdell1v@eventbrite.com,Female
69,Luce,Kissack,lkissack1w@upenn.edu,Female
70,Sibilla,Renforth,srenforth1x@sciencedirect.com,Female
71,Miguel,Skellington,mskellington1y@feedburner.com,Male
72,Elsi,Calken,ecalken1z@paypal.com,Female
73,Denver,Hurdedge,dhurdedge20@whitehouse.gov,Male
74,Randy,Heinzler,rheinzler21@cnn.com,Female
75,Carry,Acors,cacors22@vistaprint.com,Female
76,Latashia,Green,lgreen23@wsj.com,Female
77,Clementius,Cellone,ccellone24@elegantthemes.com,Male
78,Philippe,Gallager,pgallager25@mapquest.com,Female
79,Mayor,McKevitt,mmckevitt26@umich.edu,Male
80,Clare,Standbrooke,cstandbrooke27@japanpost.jp,Male
81,Giustina,O'Shiel,goshiel28@patch.com,Female
82,Ingra,Altham,ialtham29@trellian.com,Male
83,Thekla,O'Duane,toduane2a@parallels.com,Female
84,Janella,Schwartz,jschwartz2b@java.com,Female
85,Caye,Maestro,cmaestro2c@usda.gov,Female
86,Aldon,Sharples,asharples2d@elpais.com,Male
87,Heall,Spellicy,hspellicy2e@desdev.cn,Male
88,Miltie,Harlett,mharlett2f@so-net.ne.jp,Male
89,Patton,Bywater,pbywater2g@chron.com,Male
90,Efren,Jest,ejest2h@hud.gov,Male
91,Lorine,Aisman,laisman2i@bandcamp.com,Female
92,Cesya,Maycey,cmaycey2j@state.tx.us,Female
93,Alexis,Kenny,akenny2k@sphinn.com,Female
94,Elisa,Brasier,ebrasier2l@quantcast.com,Female
95,Kalina,Perchard,kperchard2m@comcast.net,Female
96,Desiri,Laing,dlaing2n@senate.gov,Female
97,Geoffrey,Leaton,gleaton2o@google.ca,Male
98,Michel,Sweetnam,msweetnam2p@squidoo.com,Female
99,Nathalie,Liversley,nliversley2q@guardian.co.uk,Female
100,Brian,Harrad,bharrad2r@prlog.org,Male
101,Aaron,Vanacci,avanacci2s@ifeng.com,Male
102,Wolfie,Cornelis,wcornelis2t@mapquest.com,Male
103,Ailey,Roaf,aroaf2u@guardian.co.uk,Female
104,Harp,Geroldo,hgeroldo2v@com.com,Male
105,Josias,D'Avaux,jdavaux2w@auda.org.au,Male
106,Xymenes,Avent,xavent2x@quantcast.com,Male
107,Hugibert,Bloschke,hbloschke2y@globo.com,Male
108,Lonee,Wallworke,lwallworke2z@amazon.co.uk,Female
109,Marigold,Bendle,mbendle30@blogs.com,Female
110,Ofelia,Adamiec,oadamiec31@linkedin.com,Female
111,Francine,Rosendale,frosendale32@noaa.gov,Female
112,Emelen,Guttridge,eguttridge33@si.edu,Male
113,Cathlene,Finan,cfinan34@topsy.com,Female
114,Gill,Reef,greef35@wix.com,Female
115,Leanora,Lequeux,llequeux36@zimbio.com,Female
116,Sheelah,Bohje,sbohje37@elpais.com,Female
117,Donna,Vasiltsov,dvasiltsov38@cam.ac.uk,Female
118,Rinaldo,Vedstra,rvedstra39@blogs.com,Male
119,Katerina,Mugglestone,kmugglestone3a@jimdo.com,Female
120,Hadrian,Shirland,hshirland3b@wufoo.com,Male
121,Bethanne,Flecknoe,bflecknoe3c@furl.net,Female
122,Gratia,Lappin,glappin3d@networkadvertising.org,Female
123,Arlen,Alpe,aalpe3e@zimbio.com,Male
124,Arni,Kingett,akingett3f@wsj.com,Male
125,Tracie,Cossins,tcossins3g@ebay.co.uk,Male
126,Elinore,Poyzer,epoyzer3h@blinklist.com,Female
127,Erich,Jinkinson,ejinkinson3i@bizjournals.com,Male
128,Hashim,Tilliards,htilliards3j@samsung.com,Male
129,Penny,Erskine,perskine3k@stumbleupon.com,Male
130,Bryn,Salan,bsalan3l@ox.ac.uk,Male
131,Catherine,McClurg,cmcclurg3m@purevolume.com,Female
132,Zonda,Lempertz,zlempertz3n@salon.com,Female
133,Darryl,Blesdill,dblesdill3o@imgur.com,Male
134,Oran,Rosbrough,orosbrough3p@samsung.com,Male
135,Hartley,Dyet,hdyet3q@soundcloud.com,Male
136,Nananne,Kincla,nkincla3r@netlog.com,Female
137,Ryon,Siggens,rsiggens3s@pcworld.com,Male
138,Bevon,Sich,bsich3t@umn.edu,Male
139,Barbi,Kenwood,bkenwood3u@nydailynews.com,Female
140,Sutton,Lerer,slerer3v@gov.uk,Male
141,Jakob,Wohler,jwohler3w@moonfruit.com,Male
142,Deeanne,Povah,dpovah3x@ameblo.jp,Female
143,Boniface,Harrigan,bharrigan3y@boston.com,Male
144,Wanids,Kurtis,wkurtis3z@ezinearticles.com,Female
145,Grove,Colquhoun,gcolquhoun40@si.edu,Male
146,Darnall,Brasher,dbrasher41@yellowbook.com,Male
147,Erastus,O' Borne,eoborne42@ocn.ne.jp,Male
148,Faber,Rastrick,frastrick43@about.me,Male
149,Bernadette,Govier,bgovier44@simplemachines.org,Female
150,Barry,MacInerney,bmacinerney45@live.com,Male
151,Amos,Holbarrow,aholbarrow46@meetup.com,Male
152,Ellyn,Tod,etod47@studiopress.com,Female
153,Johnny,Limming,jlimming48@springer.com,Male
154,Margret,Dyott,mdyott49@cam.ac.uk,Female
155,Jere,Breache,jbreache4a@gizmodo.com,Female
156,Avivah,Whyke,awhyke4b@ameblo.jp,Female
157,Corbie,Mulvin,cmulvin4c@vkontakte.ru,Male
158,Reagan,Stredwick,rstredwick4d@godaddy.com,Male
159,Odele,McMurrugh,omcmurrugh4e@army.mil,Female
160,Perice,Pogg,ppogg4f@hexun.com,Male
161,Dede,Campanelli,dcampanelli4g@toplist.cz,Female
162,Callean,Bridgeland,cbridgeland4h@ucoz.com,Male
163,Moishe,Dowyer,mdowyer4i@un.org,Male
164,Gwynne,Lys,glys4j@rediff.com,Female
165,Margareta,Bold,mbold4k@facebook.com,Female
166,Ave,Beeckx,abeeckx4l@washington.edu,Male
167,Pietrek,Giacobilio,pgiacobilio4m@ted.com,Male
168,Freeland,Apdell,fapdell4n@gizmodo.com,Male
169,Averyl,Lahiff,alahiff4o@google.ca,Female
170,Lyman,Ledbury,lledbury4p@princeton.edu,Male
171,Carrol,McCorley,cmccorley4q@printfriendly.com,Male
172,Gardiner,Farndon,gfarndon4r@lycos.com,Male
173,Pauletta,Gabbot,pgabbot4s@goo.gl,Female
174,Brendan,Quarrell,bquarrell4t@go.com,Male
175,Erl,Jackson,ejackson4u@google.com.br,Male
176,Jemmy,Kensley,jkensley4v@fda.gov,Female
177,Ramsey,Spaughton,rspaughton4w@google.nl,Male
178,Caroline,Baudon,cbaudon4x@nifty.com,Female
179,Bertha,Downse,bdownse4y@wunderground.com,Female
180,Daffie,Rickson,drickson4z@cocolog-nifty.com,Female
181,Chrotoem,Mahody,cmahody50@reuters.com,Male
182,Stefan,Hair,shair51@china.com.cn,Male
183,Kelli,Whittock,kwhittock52@typepad.com,Female
184,Jarred,Dumbar,jdumbar53@tuttocitta.it,Male
185,Alexi,Mebius,amebius54@spiegel.de,Female
186,Domingo,Ord,dord55@abc.net.au,Male
187,Alano,Playhill,aplayhill56@nih.gov,Male
188,Julianna,Westgate,jwestgate57@booking.com,Female
189,Demeter,Spinelli,dspinelli58@vkontakte.ru,Female
190,Jimmie,Dockree,jdockree59@tripod.com,Male
191,Judas,Cremins,jcremins5a@about.com,Male
192,Bonny,Irce,birce5b@marketwatch.com,Female
193,Flo,Cogar,fcogar5c@sciencedirect.com,Female
194,Dollie,Di Carlo,ddicarlo5d@unicef.org,Female
195,Monti,Wortt,mwortt5e@dailymail.co.uk,Male
196,Sayer,Burborough,sburborough5f@zimbio.com,Male
197,Fredia,Cawsby,fcawsby5g@creativecommons.org,Female
198,Theodore,Bolesma,tbolesma5h@domainmarket.com,Male
199,Drake,Yeardsley,dyeardsley5i@who.int,Male
200,Dominic,Wilbor,dwilbor5j@tripod.com,Male
201,Jecho,Dignan,jdignan5k@noaa.gov,Male
202,Morris,Pering,mpering5l@intel.com,Male
203,Sonya,Godrich,sgodrich5m@fema.gov,Female
204,Pen,Yurenin,pyurenin5n@state.gov,Male
205,Sharai,Atling,satling5o@networkadvertising.org,Female
206,Gaylene,Burman,gburman5p@tumblr.com,Female
207,Candi,Avrashin,cavrashin5q@moonfruit.com,Female
208,Stephana,Fincham,sfincham5r@storify.com,Female
209,Gertrudis,Iglesia,giglesia5s@rakuten.co.jp,Female
210,Tove,Bullocke,tbullocke5t@dedecms.com,Female
211,Wyn,Lerigo,wlerigo5u@nhs.uk,Male
212,Valerie,O'Ferris,voferris5v@forbes.com,Female
213,Jacques,Iwanczyk,jiwanczyk5w@cargocollective.com,Male
214,Wilden,Emberton,wemberton5x@spotify.com,Male
215,Barbey,Costanza,bcostanza5y@tuttocitta.it,Female
216,Margarita,Audley,maudley5z@plala.or.jp,Female
217,Patin,Quartermain,pquartermain60@aol.com,Male
218,Bee,Harron,bharron61@free.fr,Female
219,Bryana,Kemer,bkemer62@kickstarter.com,Female
220,Muffin,Jarratt,mjarratt63@ustream.tv,Female
221,Laurene,Soreau,lsoreau64@vk.com,Female
222,Starlene,Balloch,sballoch65@ed.gov,Female
223,Georgiana,Bonifacio,gbonifacio66@yahoo.com,Female
224,Clotilda,Mothersdale,cmothersdale67@cafepress.com,Female
225,Dinah,Galbreth,dgalbreth68@state.tx.us,Female
226,Delora,Scanderet,dscanderet69@toplist.cz,Female
227,Myca,Smallbone,msmallbone6a@mayoclinic.com,Male
228,Antoine,Stroulger,astroulger6b@cafepress.com,Male
229,Merralee,Ferrarini,mferrarini6c@telegraph.co.uk,Female
230,Hernando,Cushion,hcushion6d@taobao.com,Male
231,Ibby,Housbie,ihousbie6e@tripod.com,Female
232,Gaylor,Rosbottom,grosbottom6f@slate.com,Male
233,Miles,Bothams,mbothams6g@twitter.com,Male
234,Lishe,Fiennes,lfiennes6h@google.de,Female
235,Hunfredo,Kenshole,hkenshole6i@elpais.com,Male
236,Boot,Melling,bmelling6j@china.com.cn,Male
237,Gigi,Trevers,gtrevers6k@ifeng.com,Female
238,Burnaby,Hutchence,bhutchence6l@salon.com,Male
239,Valentina,Kirman,vkirman6m@yelp.com,Female
240,Zenia,De Bruyn,zdebruyn6n@jiathis.com,Female
241,Tobie,Wyer,twyer6o@purevolume.com,Male
242,Milt,Jikovsky,mjikovsky6p@prlog.org,Male
243,Dalis,Bembridge,dbembridge6q@dagondesign.com,Male
244,Cleon,Shwenn,cshwenn6r@ft.com,Male
245,Michelina,Tarquinio,mtarquinio6s@odnoklassniki.ru,Female
246,Goran,Skullet,gskullet6t@fotki.com,Male
247,Jordain,Rieflin,jrieflin6u@ted.com,Female
248,Corinne,Wolfarth,cwolfarth6v@cisco.com,Female
249,Munmro,Rimmer,mrimmer6w@cloudflare.com,Male
250,Viviana,Willingale,vwillingale6x@ft.com,Female
251,Lissi,Tiptaft,ltiptaft6y@wiley.com,Female
252,Bran,Antonioni,bantonioni6z@google.ru,Male
253,Claribel,Leppingwell,cleppingwell70@tinypic.com,Female
254,Krysta,Reggio,kreggio71@netscape.com,Female
255,Phedra,Milius,pmilius72@census.gov,Female
256,Shelton,McNirlan,smcnirlan73@weather.com,Male
257,Babbie,MacConneely,bmacconneely74@ucsd.edu,Female
258,Trumaine,Swindells,tswindells75@wunderground.com,Male
259,Jehanna,Cartmale,jcartmale76@instagram.com,Female
260,Nickie,Potebury,npotebury77@fastcompany.com,Male
261,Tony,Siret,tsiret78@apache.org,Male
262,Roi,Mollett,rmollett79@blogs.com,Male
263,Willyt,Bourgeois,wbourgeois7a@skype.com,Female
264,Ofelia,McGettigan,omcgettigan7b@chicagotribune.com,Female
265,Dulcea,Holsall,dholsall7c@shinystat.com,Female
266,Riley,Linskill,rlinskill7d@people.com.cn,Male
267,Veda,O'Calleran,vocalleran7e@printfriendly.com,Female
268,Jeramie,Chattelaine,jchattelaine7f@xing.com,Male
269,Trescha,De Few,tdefew7g@examiner.com,Female
270,Geralda,Hellwing,ghellwing7h@cnbc.com,Female
271,Lynde,Drysdall,ldrysdall7i@smh.com.au,Female
272,Gonzalo,Joe,gjoe7j@4shared.com,Male
273,Vivyan,Yoell,vyoell7k@wikimedia.org,Female
274,Alyse,Mansell,amansell7l@ameblo.jp,Female
275,Dina,Lieb,dlieb7m@freewebs.com,Female
276,Spencer,Tomisch,stomisch7n@altervista.org,Male
277,Chelsy,Warlock,cwarlock7o@csmonitor.com,Female
278,Guy,Sherwell,gsherwell7p@omniture.com,Male
279,Frederico,Ortega,fortega7q@networksolutions.com,Male
280,Dayle,Lambol,dlambol7r@qq.com,Female
281,Ray,Feehan,rfeehan7s@washington.edu,Female
282,Skipper,Arguile,sarguile7t@virginia.edu,Male
283,Haydon,Dunwoody,hdunwoody7u@un.org,Male
284,Rebekkah,Gayler,rgayler7v@answers.com,Female
285,Thaddus,Bing,tbing7w@free.fr,Male
286,Martainn,Ioselev,mioselev7x@vk.com,Male
287,Adolphus,Gniewosz,agniewosz7y@wix.com,Male
288,Duncan,Rait,drait7z@yelp.com,Male
289,Anallise,Eborn,aeborn80@wikipedia.org,Female
290,Ermentrude,Boone,eboone81@comsenz.com,Female
291,Demetrius,Newarte,dnewarte82@clickbank.net,Male
292,Maddalena,Roeby,mroeby83@zdnet.com,Female
293,Adolpho,Blague,ablague84@squarespace.com,Male
294,Adolf,Goodyer,agoodyer85@yelp.com,Male
295,Briggs,Porch,bporch86@tinyurl.com,Male
296,Ariella,Stuttard,astuttard87@moonfruit.com,Female
297,Gannon,Simmans,gsimmans88@globo.com,Male
298,Sal,Seiller,sseiller89@opensource.org,Female
299,Isaak,Pilgrim,ipilgrim8a@about.me,Male
300,Kaia,Teaz,kteaz8b@blogtalkradio.com,Female
301,Van,Kamen,vkamen8c@artisteer.com,Female
302,Gerard,Lemar,glemar8d@exblog.jp,Male
303,Allan,Douris,adouris8e@princeton.edu,Male
304,Colline,Goldis,cgoldis8f@addtoany.com,Female
305,Freddi,Tschursch,ftschursch8g@arstechnica.com,Female
306,Fabio,Schouthede,fschouthede8h@state.gov,Male
307,Perceval,Rhodes,prhodes8i@dyndns.org,Male
308,Heriberto,Miche,hmiche8j@webmd.com,Male
309,Marleah,Strainge,mstrainge8k@si.edu,Female
310,Giavani,Skitt,gskitt8l@deliciousdays.com,Male
311,Agna,Heintzsch,aheintzsch8m@facebook.com,Female
312,Tish,Caldes,tcaldes8n@t-online.de,Female
313,Martguerita,Conaboy,mconaboy8o@mail.ru,Female
314,Spike,Ranaghan,sranaghan8p@wix.com,Male
315,Marrilee,Birnie,mbirnie8q@prlog.org,Female
316,Conrado,Humbert,chumbert8r@bloglovin.com,Male
317,Kahlil,Walsom,kwalsom8s@alibaba.com,Male
318,Ruthy,Lamblot,rlamblot8t@cocolog-nifty.com,Female
319,Flory,Danielsson,fdanielsson8u@opera.com,Male
320,Noland,Janton,njanton8v@shutterfly.com,Male
321,Rasla,Hallyburton,rhallyburton8w@guardian.co.uk,Female
322,Lucilia,Haliburton,lhaliburton8x@nbcnews.com,Female
323,Kattie,Ventura,kventura8y@bravesites.com,Female
324,Charley,Broom,cbroom8z@usda.gov,Male
325,Sherwynd,Tippett,stippett90@shop-pro.jp,Male
326,Leo,Boycott,lboycott91@upenn.edu,Male
327,Xerxes,Rattery,xrattery92@msn.com,Male
328,Berne,Haynes,bhaynes93@state.tx.us,Male
329,Jeremiah,Collop,jcollop94@seesaa.net,Male
330,Marysa,Felton,mfelton95@mit.edu,Female
331,Shelton,De Ruggero,sderuggero96@oakley.com,Male
332,Nevsa,Scates,nscates97@freewebs.com,Female
333,Gail,Slafford,gslafford98@apache.org,Female
334,Ingram,Tryme,itryme99@marriott.com,Male
335,Roda,Tiley,rtiley9a@ycombinator.com,Female
336,Dari,Anwell,danwell9b@yale.edu,Female
337,Waldemar,Ionesco,wionesco9c@tripod.com,Male
338,Horacio,Manjin,hmanjin9d@vinaora.com,Male
339,Ker,Lamb-shine,klambshine9e@multiply.com,Male
340,Ricki,Luckman,rluckman9f@oaic.gov.au,Female
341,Shepherd,Benadette,sbenadette9g@usgs.gov,Male
342,Farris,Swindlehurst,fswindlehurst9h@fotki.com,Male
343,Lib,Forrestor,lforrestor9i@sciencedirect.com,Female
344,Lucine,Belk,lbelk9j@jiathis.com,Female
345,Cyrille,Dedman,cdedman9k@drupal.org,Male
346,Raffaello,Ashman,rashman9l@digg.com,Male
347,Delainey,Harness,dharness9m@bbc.co.uk,Male
348,Leshia,Dewsnap,ldewsnap9n@istockphoto.com,Female
349,Elka,Allard,eallard9o@theglobeandmail.com,Female
350,Chiarra,Fearnill,cfearnill9p@nifty.com,Female
351,Mindy,Dubarry,mdubarry9q@ameblo.jp,Female
352,Jewel,Danihel,jdanihel9r@phoca.cz,Female
353,Percival,Jermyn,pjermyn9s@nyu.edu,Male
354,Lefty,Pinn,lpinn9t@ucoz.ru,Male
355,Amy,Butchard,abutchard9u@microsoft.com,Female
356,Joy,Gonet,jgonet9v@sphinn.com,Female
357,Wylie,Espino,wespino9w@google.co.uk,Male
358,Keith,Wines,kwines9x@meetup.com,Male
359,Lucais,Gladtbach,lgladtbach9y@weibo.com,Male
360,Debby,Neylan,dneylan9z@1und1.de,Female
361,Dannie,Perillo,dperilloa0@statcounter.com,Male
362,Kearney,Provis,kprovisa1@jimdo.com,Male
363,Jacki,Baccus,jbaccusa2@samsung.com,Female
364,Brew,Rosbottom,brosbottoma3@xrea.com,Male
365,Pamelina,Ondrus,pondrusa4@state.tx.us,Female
366,Armand,Ollivier,aolliviera5@nationalgeographic.com,Male
367,Kalinda,Mapes,kmapesa6@newsvine.com,Female
368,Leena,Pauncefoot,lpauncefoota7@1und1.de,Female
369,Melisse,Frayne,mfraynea8@wp.com,Female
370,Barri,Leishman,bleishmana9@diigo.com,Male
371,Prudy,Munkton,pmunktonaa@discuz.net,Female
372,Shel,Leaves,sleavesab@blinklist.com,Female
373,Liam,Siviter,lsiviterac@youtube.com,Male
374,Alyson,Havvock,ahavvockad@google.it,Female
375,Devonne,Pero,dperoae@google.es,Female
376,Engracia,O'Crigane,eocriganeaf@narod.ru,Female
377,Sandie,Vedenichev,svedenichevag@hao123.com,Female
378,Maurise,Mastrantone,mmastrantoneah@technorati.com,Male
379,Homerus,Tesseyman,htesseymanai@github.io,Male
380,Francklin,Tudgay,ftudgayaj@hp.com,Male
381,Arthur,Brute,abruteak@bing.com,Male
382,June,Wear,jwearal@microsoft.com,Female
383,Dorette,Clohisey,dclohiseyam@npr.org,Female
384,Maribelle,Mead,mmeadan@multiply.com,Female
385,Timmy,Parrot,tparrotao@icio.us,Male
386,Dorthea,Poon,dpoonap@hp.com,Female
387,Kim,Korb,kkorbaq@usda.gov,Female
388,Syman,Devita,sdevitaar@engadget.com,Male
389,Desirae,Jimeno,djimenoas@wunderground.com,Female
390,Sonnnie,Arnison,sarnisonat@github.io,Female
391,Ashlan,Gadie,agadieau@nps.gov,Female
392,Cordell,Moth,cmothav@amazon.co.jp,Male
393,Ricki,Tinner,rtinneraw@sourceforge.net,Female
394,Gerry,Koppke,gkoppkeax@rediff.com,Female
395,Arne,Bigglestone,abigglestoneay@devhub.com,Male
396,Reider,Lismer,rlismeraz@amazon.co.jp,Male
397,Herb,Sorro,hsorrob0@weibo.com,Male
398,Obadiah,Scarffe,oscarffeb1@ox.ac.uk,Male
399,Shaylah,Sterricker,ssterrickerb2@hostgator.com,Female
400,Theodosia,Filipychev,tfilipychevb3@github.com,Female
401,Brenden,Simonato,bsimonatob4@wisc.edu,Male
402,Raffaello,Andersen,randersenb5@yellowpages.com,Male
403,Carry,Snelman,csnelmanb6@yandex.ru,Female
404,Geoffrey,Rubke,grubkeb7@joomla.org,Male
405,Lenci,Hardson,lhardsonb8@quantcast.com,Male
406,Elna,Rubartelli,erubartellib9@nationalgeographic.com,Female
407,Kendell,Verralls,kverrallsba@bigcartel.com,Male
408,Miriam,Rockwill,mrockwillbb@about.me,Female
409,Sheppard,Cordero,scorderobc@wix.com,Male
410,Gypsy,Pfeffel,gpfeffelbd@boston.com,Female
411,Julina,Maddocks,jmaddocksbe@hexun.com,Female
412,Edith,Burniston,eburnistonbf@wix.com,Female
413,Jilleen,Francis,jfrancisbg@businesswire.com,Female
414,Axe,Franchyonok,afranchyonokbh@xing.com,Male
415,Friedrich,Tassell,ftassellbi@reverbnation.com,Male
416,Gena,Morcomb,gmorcombbj@craigslist.org,Female
417,Dannel,Odegaard,dodegaardbk@marketwatch.com,Male
418,Davey,MacCartney,dmaccartneybl@csmonitor.com,Male
419,Regina,Overall,roverallbm@tinyurl.com,Female
420,Patricio,Kilty,pkiltybn@cnet.com,Male
421,Jonathan,Bassford,jbassfordbo@dyndns.org,Male
422,Thomasa,Vidineev,tvidineevbp@usatoday.com,Female
423,Georgina,Jimeno,gjimenobq@stumbleupon.com,Female
424,Bevan,O'Henery,bohenerybr@blogtalkradio.com,Male
425,Nonna,Briers,nbriersbs@java.com,Female
426,Reinwald,Snowden,rsnowdenbt@wix.com,Male
427,Padraic,Langrish,plangrishbu@cbslocal.com,Male
428,Sarine,Wahner,swahnerbv@weather.com,Female
429,Cami,Serrels,cserrelsbw@wikia.com,Female
430,Katha,Christian,kchristianbx@ibm.com,Female
431,Osborne,MacGillacolm,omacgillacolmby@oaic.gov.au,Male
432,Lamont,Blockey,lblockeybz@exblog.jp,Male
433,Nil,Yitzovitz,nyitzovitzc0@noaa.gov,Male
434,Theresa,Rasell,trasellc1@php.net,Female
435,Sax,Currie,scurriec2@tripod.com,Male
436,Marian,Haquin,mhaquinc3@github.io,Female
437,Deva,Ainscow,dainscowc4@webmd.com,Female
438,Tris,Newark,tnewarkc5@nih.gov,Male
439,Rodrigo,Innocenti,rinnocentic6@squidoo.com,Male
440,Delmer,Lowfill,dlowfillc7@artisteer.com,Male
441,Kelila,Speariett,kspeariettc8@google.it,Female
442,Arlinda,Bass,abassc9@hhs.gov,Female
443,Chandra,Albasiny,calbasinyca@examiner.com,Female
444,Verile,O'Gorman,vogormancb@oaic.gov.au,Female
445,Feliza,Knevett,fknevettcc@ustream.tv,Female
446,Bellanca,Van Oord,bvanoordcd@yahoo.com,Female
447,Lennie,Baldinotti,lbaldinottice@wp.com,Male
448,Bridget,Chesman,bchesmancf@simplemachines.org,Female
449,Brockie,Tidbold,btidboldcg@meetup.com,Male
450,Josie,Twell,jtwellch@irs.gov,Female
451,Cloris,Heliar,cheliarci@ibm.com,Female
452,Brooke,Drust,bdrustcj@answers.com,Female
453,Gwendolin,Strathe,gstratheck@gizmodo.com,Female
454,Archer,Kilcoyne,akilcoynecl@chronoengine.com,Male
455,Welch,Crampsy,wcrampsycm@bloglovin.com,Male
456,Talbot,Andretti,tandretticn@furl.net,Male
457,Curry,Effemy,ceffemyco@livejournal.com,Male
458,Yurik,Dowdney,ydowdneycp@gnu.org,Male
459,Yanaton,Smurfit,ysmurfitcq@time.com,Male
460,Yanaton,Bloy,ybloycr@stumbleupon.com,Male
461,Gerome,Fredi,gfredics@ustream.tv,Male
462,Codi,Lang,clangct@angelfire.com,Male
463,Darren,Edsell,dedsellcu@hugedomains.com,Male
464,Costanza,Butterfill,cbutterfillcv@cyberchimps.com,Female
465,Raymond,Fryatt,rfryattcw@hao123.com,Male
466,Fern,Olivas,folivascx@un.org,Female
467,Dunn,Morter,dmortercy@smh.com.au,Male
468,Bab,Murrie,bmurriecz@va.gov,Female
469,Silas,Elder,selderd0@mapquest.com,Male
470,Berti,Gyrgorcewicx,bgyrgorcewicxd1@pen.io,Male
471,Ludovico,Jillings,ljillingsd2@rambler.ru,Male
472,Goldarina,Caldaro,gcaldarod3@hostgator.com,Female
473,Elisha,Hussell,ehusselld4@fotki.com,Male
474,Hugibert,Ragot,hragotd5@themeforest.net,Male
475,Birdie,Sjollema,bsjollemad6@mit.edu,Female
476,Dallis,Thring,dthringd7@wix.com,Male
477,Gerek,Sidery,gsideryd8@discovery.com,Male
478,Terri-jo,Tretter,ttretterd9@csmonitor.com,Female
479,Greta,Gault,ggaultda@linkedin.com,Female
480,Asa,Jeandet,ajeandetdb@xinhuanet.com,Male
481,Suzi,Whyard,swhyarddc@hexun.com,Female
482,Abey,Eccleshall,aeccleshalldd@ifeng.com,Male
483,Corinna,Hindge,chindgede@virginia.edu,Female
484,Chev,Epelett,cepelettdf@sakura.ne.jp,Male
485,Grace,Fawckner,gfawcknerdg@github.io,Male
486,Alina,Eckersall,aeckersalldh@thetimes.co.uk,Female
487,Chiquia,Dallin,cdallindi@zdnet.com,Female
488,Jenn,Winsor,jwinsordj@nasa.gov,Female
489,Dori,Buske,dbuskedk@latimes.com,Female
490,Glenda,Van Arsdale,gvanarsdaledl@geocities.com,Female
491,Claudette,McGinney,cmcginneydm@ft.com,Female
492,Regen,Adin,radindn@elpais.com,Male
493,Ruben,O'Scanlon,roscanlondo@rediff.com,Male
494,Waylen,Lanigan,wlanigandp@pbs.org,Male
495,Kari,Fabry,kfabrydq@weebly.com,Female
496,Sigismund,Rolling,srollingdr@symantec.com,Male
497,Itch,Kiefer,ikieferds@webeden.co.uk,Male
498,Gwendolin,Gettins,ggettinsdt@businessinsider.com,Female
499,Perice,Limming,plimmingdu@msn.com,Male
500,Jillane,Gocke,jgockedv@nydailynews.com,Female
501,Fabien,Geaves,fgeavesdw@seattletimes.com,Male
502,Ginger,Morewood,gmorewooddx@digg.com,Male
503,Helge,Walford,hwalforddy@telegraph.co.uk,Female
504,Berty,Shergill,bshergilldz@people.com.cn,Male
505,Marley,Magowan,mmagowane0@ted.com,Female
506,Ambrosio,Osgood,aosgoode1@issuu.com,Male
507,Muhammad,Whenman,mwhenmane2@yandex.ru,Male
508,Corny,Thacker,cthackere3@nasa.gov,Male
509,Floria,Yesinov,fyesinove4@va.gov,Female
510,Kakalina,Kertess,kkertesse5@opera.com,Female
511,Buck,Baldwin,bbaldwine6@pbs.org,Male
512,Margaretta,Howsan,mhowsane7@amazon.de,Female
513,Ellette,Jobern,ejoberne8@yellowpages.com,Female
514,Miller,Weedon,mweedone9@huffingtonpost.com,Male
515,Lina,Redmile,lredmileea@google.com,Female
516,Joey,Blakesley,jblakesleyeb@tripod.com,Female
517,Marlane,Embery,memberyec@imdb.com,Female
518,Gare,Bartusek,gbartuseked@msu.edu,Male
519,Emmery,Januszkiewicz,ejanuszkiewiczee@plala.or.jp,Male
520,Konrad,Trenoweth,ktrenowethef@desdev.cn,Male
521,Cyrille,Eliasen,celiaseneg@gizmodo.com,Male
522,Shermy,Cayette,scayetteeh@gnu.org,Male
523,Tynan,Plesing,tplesingei@china.com.cn,Male
524,Rachele,Weben,rwebenej@histats.com,Female
525,Constantino,Sawdy,csawdyek@businessinsider.com,Male
526,Harrietta,Dobbinson,hdobbinsonel@sohu.com,Female
527,Cora,Vasiltsov,cvasiltsovem@studiopress.com,Female
528,Othelia,Storr,ostorren@examiner.com,Female
529,Rafi,Throssell,rthrosselleo@is.gd,Male
530,Dino,Adame,dadameep@spotify.com,Male
531,Alie,Penna,apennaeq@vk.com,Female
532,Dale,Willmot,dwillmoter@addtoany.com,Male
533,Lissie,Rains,lrainses@nasa.gov,Female
534,Rube,Nibley,rnibleyet@edublogs.org,Male
535,Garik,Keywood,gkeywoodeu@tamu.edu,Male
536,Corissa,Borrill,cborrillev@dagondesign.com,Female
537,Claudian,David,cdavidew@oracle.com,Male
538,Berenice,Coan,bcoanex@odnoklassniki.ru,Female
539,Ruggiero,Kabos,rkabosey@nbcnews.com,Male
540,Kristin,Kingdom,kkingdomez@independent.co.uk,Female
541,Christan,Ateridge,cateridgef0@last.fm,Female
542,Mandi,Stiling,mstilingf1@usatoday.com,Female
543,Thibaud,Cappel,tcappelf2@google.ca,Male
544,Mycah,Godsafe,mgodsafef3@google.com.hk,Male
545,Emmalynn,Seson,esesonf4@stumbleupon.com,Female
546,Georas,Brigstock,gbrigstockf5@slashdot.org,Male
547,Mandy,Cleife,mcleifef6@cisco.com,Female
548,Moshe,Parysowna,mparysownaf7@nymag.com,Male
549,Matthieu,Grimolbie,mgrimolbief8@about.me,Male
550,Barry,Vevers,bveversf9@un.org,Male
551,Brynne,Malinowski,bmalinowskifa@jiathis.com,Female
552,Ralph,Chishull,rchishullfb@discovery.com,Male
553,Marcelia,Lowless,mlowlessfc@myspace.com,Female
554,Arthur,Dobrovolski,adobrovolskifd@europa.eu,Male
555,Fitzgerald,Ouver,fouverfe@last.fm,Male
556,Dimitry,Antonellini,dantonelliniff@wikipedia.org,Male
557,Concettina,Bunning,cbunningfg@canalblog.com,Female
558,Lonee,Hosten,lhostenfh@amazonaws.com,Female
559,Janel,Worham,jworhamfi@xinhuanet.com,Female
560,Bealle,Nazaret,bnazaretfj@mit.edu,Male
561,Christan,MacPeice,cmacpeicefk@opera.com,Female
562,Miner,Gonoude,mgonoudefl@china.com.cn,Male
563,Evangelina,Troake,etroakefm@163.com,Female
564,Pam,Woodbridge,pwoodbridgefn@java.com,Female
565,Rosette,Stammirs,rstammirsfo@blogs.com,Female
566,Arturo,Gut,agutfp@wikipedia.org,Male
567,Logan,Peasee,lpeaseefq@admin.ch,Male
568,Brittni,Abel,babelfr@dion.ne.jp,Female
569,Waverly,Semered,wsemeredfs@mail.ru,Male
570,Anabelle,Jumont,ajumontft@ifeng.com,Female
571,Carri,Byrde,cbyrdefu@a8.net,Female
572,Caterina,Sams,csamsfv@bloglovin.com,Female
573,Deck,Abbs,dabbsfw@home.pl,Male
574,Mala,Cordes,mcordesfx@purevolume.com,Female
575,Faythe,McClinton,fmcclintonfy@alibaba.com,Female
576,Germayne,Brundrett,gbrundrettfz@ftc.gov,Male
577,Pincus,Handrik,phandrikg0@addtoany.com,Male
578,Raina,Quarterman,rquartermang1@constantcontact.com,Female
579,Erminia,MacDaid,emacdaidg2@google.co.uk,Female
580,Jackie,Legon,jlegong3@youku.com,Male
581,Garrett,Tredgold,gtredgoldg4@senate.gov,Male
582,Amity,Park,aparkg5@opera.com,Female
583,Giustino,Baccus,gbaccusg6@tuttocitta.it,Male
584,Illa,Sperrett,isperrettg7@google.co.jp,Female
585,Susie,Budgeon,sbudgeong8@privacy.gov.au,Female
586,Vincent,Tripon,vtripong9@hostgator.com,Male
587,Bonnibelle,Hamflett,bhamflettga@tinyurl.com,Female
588,Russ,Denford,rdenfordgb@sphinn.com,Male
589,Claudell,Stannas,cstannasgc@opensource.org,Male
590,Carlye,Girdlestone,cgirdlestonegd@state.gov,Female
591,Claudette,Dowers,cdowersge@ovh.net,Female
592,Sybille,Cowtherd,scowtherdgf@cdbaby.com,Female
593,Claretta,Nerne,cnernegg@biblegateway.com,Female
594,Stuart,Pezey,spezeygh@exblog.jp,Male
595,Alasteir,Guerry,aguerrygi@51.la,Male
596,Minni,Curdell,mcurdellgj@arizona.edu,Female
597,Junia,Skerman,jskermangk@marriott.com,Female
598,Rutherford,Berk,rberkgl@ask.com,Male
599,Melany,Tate,mtategm@harvard.edu,Female
600,Arabella,Dubarry,adubarrygn@bloglovin.com,Female
601,Weider,Moodie,wmoodiego@time.com,Male
602,Basilio,Selland,bsellandgp@bloomberg.com,Male
603,Dorris,Dey,ddeygq@nymag.com,Female
604,Tate,Butterwick,tbutterwickgr@netvibes.com,Female
605,Garnet,Southam,gsouthamgs@people.com.cn,Female
606,Thorn,Belchem,tbelchemgt@arizona.edu,Male
607,Audrye,Tremblett,atremblettgu@skype.com,Female
608,Ralf,Pattrick,rpattrickgv@cdc.gov,Male
609,Bar,Bosley,bbosleygw@virginia.edu,Male
610,Franklyn,Sproul,fsproulgx@unesco.org,Male
611,Merna,Slaight,mslaightgy@ycombinator.com,Female
612,Ediva,Tribe,etribegz@printfriendly.com,Female
613,Jarrod,Williment,jwillimenth0@timesonline.co.uk,Male
614,Wallace,M'Quharg,wmquhargh1@sciencedaily.com,Male
615,Bamby,Peddie,bpeddieh2@printfriendly.com,Female
616,Victoria,Crichton,vcrichtonh3@digg.com,Female
617,Falito,Lettington,flettingtonh4@slideshare.net,Male
618,Karalynn,Rany,kranyh5@yahoo.co.jp,Female
619,Ashil,Heatley,aheatleyh6@un.org,Female
620,Mamie,Swiffin,mswiffinh7@fc2.com,Female
621,Lane,Surpliss,lsurplissh8@skype.com,Male
622,Jemmie,Witch,jwitchh9@arizona.edu,Female
623,Sherrie,Martschik,smartschikha@deliciousdays.com,Female
624,Israel,Dedman,idedmanhb@un.org,Male
625,Alwin,Mobberley,amobberleyhc@sun.com,Male
626,Evelina,Stritton,estrittonhd@istockphoto.com,Female
627,Kaspar,Vlahos,kvlahoshe@yahoo.com,Male
628,Clemmie,Franz-Schoninger,cfranzschoningerhf@answers.com,Female
629,Silvia,Dimitriades,sdimitriadeshg@webmd.com,Female
630,Patten,Dendle,pdendlehh@usgs.gov,Male
631,Freddie,Winspeare,fwinspearehi@cam.ac.uk,Male
632,Julina,Foye,jfoyehj@loc.gov,Female
633,Gerik,Senter,gsenterhk@arstechnica.com,Male
634,Dorothee,Markel,dmarkelhl@cargocollective.com,Female
635,Dorey,Faier,dfaierhm@businesswire.com,Male
636,Maighdiln,Gilpin,mgilpinhn@google.com.br,Female
637,Archie,Sangster,asangsterho@linkedin.com,Male
638,Chariot,Prew,cprewhp@tinyurl.com,Male
639,Layla,Tweddle,ltweddlehq@prweb.com,Female
640,Jacques,Micallef,jmicallefhr@ehow.com,Male
641,Annadiana,Lardner,alardnerhs@berkeley.edu,Female
642,Cesare,Lohmeyer,clohmeyerht@freewebs.com,Male
643,Shayna,Howland,showlandhu@reddit.com,Female
644,Farlie,Vollam,fvollamhv@joomla.org,Male
645,Vail,Seywood,vseywoodhw@auda.org.au,Male
646,Ethelred,McQuillin,emcquillinhx@histats.com,Male
647,Kerk,Fielden,kfieldenhy@scribd.com,Male
648,Judd,Frie,jfriehz@ow.ly,Male
649,Clywd,Mavin,cmavini0@usnews.com,Male
650,Tanner,Webermann,twebermanni1@wikimedia.org,Male
651,Kelley,Tumbridge,ktumbridgei2@kickstarter.com,Male
652,Nonna,O'Brogan,nobrogani3@sitemeter.com,Female
653,Orville,Duxbury,oduxburyi4@cnn.com,Male
654,Bren,Mallabar,bmallabari5@wordpress.com,Female
655,Janette,Dimont,jdimonti6@nih.gov,Female
656,Maurise,Bullingham,mbullinghami7@jiathis.com,Female
657,Dugald,Redford,dredfordi8@goodreads.com,Male
658,Gideon,Billion,gbillioni9@army.mil,Male
659,Adriaens,Reeveley,areeveleyia@nasa.gov,Female
660,Mylo,Maxwell,mmaxwellib@npr.org,Male
661,Case,Pochet,cpochetic@unc.edu,Male
662,Priscilla,Azema,pazemaid@facebook.com,Female
663,Ginevra,Perchard,gperchardie@seesaa.net,Female
664,Torin,Stone,tstoneif@time.com,Male
665,Demetria,Ellesmere,dellesmereig@addtoany.com,Female
666,Peterus,Oxtaby,poxtabyih@fema.gov,Male
667,Shel,Norville,snorvilleii@omniture.com,Female
668,Betty,Donnel,bdonnelij@google.fr,Female
669,Alexandr,O'Clery,aocleryik@goo.gl,Male
670,Llywellyn,Kix,lkixil@dot.gov,Male
671,Paige,Woodburn,pwoodburnim@mysql.com,Male
672,Jared,Peealess,jpeealessin@deviantart.com,Male
673,Isak,Allmann,iallmannio@ca.gov,Male
674,Winn,Ottiwill,wottiwillip@accuweather.com,Male
675,Carree,Vasyaev,cvasyaeviq@addtoany.com,Female
676,Waylin,Wallentin,wwallentinir@toplist.cz,Male
677,Vite,Crates,vcratesis@pbs.org,Male
678,Prudy,Sommerville,psommervilleit@state.tx.us,Female
679,Lane,Conkey,lconkeyiu@oaic.gov.au,Male
680,Leeland,Lewson,llewsoniv@npr.org,Male
681,Nilson,Taggett,ntaggettiw@slideshare.net,Male
682,Raphaela,Tryme,rtrymeix@hatena.ne.jp,Female
683,Maura,Doran,mdoraniy@reddit.com,Female
684,Doralyn,Collidge,dcollidgeiz@ustream.tv,Female
685,Brew,Bourke,bbourkej0@hibu.com,Male
686,Roma,Flewan,rflewanj1@naver.com,Male
687,Shea,Neale,snealej2@ted.com,Male
688,Forbes,Guilloud,fguilloudj3@slideshare.net,Male
689,Leonore,Clementson,lclementsonj4@mayoclinic.com,Female
690,Gearard,Marshal,gmarshalj5@engadget.com,Male
691,Courtnay,Robiot,crobiotj6@alibaba.com,Female
692,Sidney,Espinha,sespinhaj7@cam.ac.uk,Male
693,Allx,Dericut,adericutj8@sina.com.cn,Female
694,Adena,Colebeck,acolebeckj9@icio.us,Female
695,Drona,Ortner,dortnerja@aboutads.info,Female
696,Rob,Haycox,rhaycoxjb@paginegialle.it,Male
697,Chrissie,Georgelin,cgeorgelinjc@bloglovin.com,Male
698,Camila,Streader,cstreaderjd@msn.com,Female
699,Stavro,Cromb,scrombje@chicagotribune.com,Male
700,Gil,Schulkins,gschulkinsjf@vinaora.com,Male
701,Harriet,Vido,hvidojg@odnoklassniki.ru,Female
702,Annalise,Sheircliffe,asheircliffejh@php.net,Female
703,Elmore,Mc Faul,emcfaulji@surveymonkey.com,Male
704,Hortense,Abram,habramjj@dagondesign.com,Female
705,Massimiliano,Serfati,mserfatijk@list-manage.com,Male
706,Kat,Norcott,knorcottjl@addthis.com,Female
707,Frasier,L'oiseau,floiseaujm@gmpg.org,Male
708,Cathy,Oxborrow,coxborrowjn@msn.com,Female
709,Erny,Clementel,eclementeljo@gizmodo.com,Male
710,Gayleen,Abramcik,gabramcikjp@vk.com,Female
711,Georgetta,Harper,gharperjq@theglobeandmail.com,Female
712,Antonino,Timmis,atimmisjr@wordpress.com,Male
713,Ertha,Mathes,emathesjs@icio.us,Female
714,Kippy,Amiranda,kamirandajt@discovery.com,Male
715,Avis,Vasilenko,avasilenkoju@engadget.com,Female
716,Starr,Scole,sscolejv@pagesperso-orange.fr,Female
717,Irita,Lokier,ilokierjw@deviantart.com,Female
718,Alessandro,Kanzler,akanzlerjx@dyndns.org,Male
719,Trace,Glasspoole,tglasspoolejy@ft.com,Male
720,Galven,Whatham,gwhathamjz@people.com.cn,Male
721,Benton,Smooth,bsmoothk0@wordpress.org,Male
722,Parke,Mahaddy,pmahaddyk1@odnoklassniki.ru,Male
723,Ethyl,Oakland,eoaklandk2@creativecommons.org,Female
724,Octavia,Stickings,ostickingsk3@ted.com,Female
725,Floyd,Wheatman,fwheatmank4@stanford.edu,Male
726,Lorenzo,Poile,lpoilek5@blogspot.com,Male
727,Dew,Robbs,drobbsk6@independent.co.uk,Male
728,Thorndike,Hansley,thansleyk7@tripadvisor.com,Male
729,Gabriellia,Tejada,gtejadak8@barnesandnoble.com,Female
730,Loren,Light,llightk9@surveymonkey.com,Female
731,Keith,Lockett,klockettka@lulu.com,Male
732,Seana,Fiddy,sfiddykb@vk.com,Female
733,Damien,Pudsey,dpudseykc@toplist.cz,Male
734,Joey,Kerfoot,jkerfootkd@51.la,Male
735,Orville,Janczewski,ojanczewskike@cbc.ca,Male
736,Garrick,Cunnah,gcunnahkf@alibaba.com,Male
737,Jamaal,Gutowska,jgutowskakg@angelfire.com,Male
738,Ellynn,Dunster,edunsterkh@guardian.co.uk,Female
739,Blake,Kerwin,bkerwinki@symantec.com,Female
740,Imogene,Ainsley,iainsleykj@dailymotion.com,Female
741,Glory,Pashbee,gpashbeekk@kickstarter.com,Female
742,Gerome,Catmull,gcatmullkl@themeforest.net,Male
743,Marcelline,Bodycomb,mbodycombkm@mail.ru,Female
744,Eugene,Nevet,enevetkn@dmoz.org,Male
745,Evvie,Eyers,eeyersko@last.fm,Female
746,Susann,Axell,saxellkp@twitpic.com,Female
747,Manfred,Beneze,mbenezekq@google.ru,Male
748,Reinhold,Passingham,rpassinghamkr@boston.com,Male
749,Romola,Aleksankin,raleksankinks@state.tx.us,Female
750,Ophelie,Brissard,obrissardkt@squarespace.com,Female
751,Bronnie,Bufton,bbuftonku@e-recht24.de,Male
752,Lindy,Greest,lgreestkv@printfriendly.com,Male
753,Ashby,MacKibbon,amackibbonkw@cargocollective.com,Male
754,Curry,Silwood,csilwoodkx@bing.com,Male
755,Erick,Karpmann,ekarpmannky@quantcast.com,Male
756,Paddie,Grishin,pgrishinkz@ibm.com,Male
757,Melisenda,Jennick,mjennickl0@omniture.com,Female
758,Lianna,Busfield,lbusfieldl1@ucla.edu,Female
759,Brent,Lathy,blathyl2@foxnews.com,Male
760,Verile,Bushaway,vbushawayl3@dion.ne.jp,Female
761,Read,Sharrard,rsharrardl4@bandcamp.com,Male
762,Mack,Greeson,mgreesonl5@theglobeandmail.com,Male
763,Torry,Gauson,tgausonl6@weibo.com,Male
764,Xavier,Edworthye,xedworthyel7@ovh.net,Male
765,Barnie,Camell,bcamelll8@shinystat.com,Male
766,Padgett,Pranger,pprangerl9@youtu.be,Male
767,Thor,Wedlake,twedlakela@opensource.org,Male
768,Isidora,Icom,iicomlb@twitpic.com,Female
769,Igor,Sauvain,isauvainlc@angelfire.com,Male
770,Gus,Flahy,gflahyld@elpais.com,Female
771,Mar,McNirlin,mmcnirlinle@hugedomains.com,Male
772,Raymond,Janusz,rjanuszlf@free.fr,Male
773,Gusti,Casemore,gcasemorelg@baidu.com,Female
774,Jeanne,Abell,jabelllh@marketwatch.com,Female
775,Ann,Layborn,alaybornli@storify.com,Female
776,Blake,Goricke,bgorickelj@mlb.com,Female
777,Brooke,Malter,bmalterlk@economist.com,Female
778,Anni,Thunder,athunderll@51.la,Female
779,Friedrich,Sarch,fsarchlm@cpanel.net,Male
780,Woodman,Bywaters,wbywatersln@house.gov,Male
781,Regine,Conre,rconrelo@csmonitor.com,Female
782,Putnam,Gisby,pgisbylp@bbc.co.uk,Male
783,Carrol,Sammut,csammutlq@scientificamerican.com,Male
784,Ruperto,Hyder,rhyderlr@whitehouse.gov,Male
785,Meridel,Roll,mrollls@geocities.com,Female
786,Arnuad,Treadwell,atreadwelllt@tinypic.com,Male
787,Wendi,O'Kuddyhy,wokuddyhylu@youtube.com,Female
788,Dinah,Wones,dwoneslv@bloglovin.com,Female
789,Skipper,Ghilks,sghilkslw@g.co,Male
790,Kinnie,Earie,kearielx@theatlantic.com,Male
791,Melba,Cockshot,mcockshotly@unesco.org,Female
792,Caroljean,Moxham,cmoxhamlz@theatlantic.com,Female
793,Chaunce,Bloggett,cbloggettm0@dot.gov,Male
794,Crin,Sybe,csybem1@blog.com,Female
795,Giulia,Arnoll,garnollm2@foxnews.com,Female
796,Riley,Volk,rvolkm3@comcast.net,Male
797,Shurlock,Ecclestone,secclestonem4@themeforest.net,Male
798,Cosmo,Orkney,corkneym5@digg.com,Male
799,Charlotta,Eich,ceichm6@i2i.jp,Female
800,Hilly,Nicol,hnicolm7@miibeian.gov.cn,Male
801,Ruthanne,Alibone,ralibonem8@studiopress.com,Female
802,Dona,McWhannel,dmcwhannelm9@chron.com,Female
803,Oberon,McGannon,omcgannonma@blogspot.com,Male
804,Connor,Bynert,cbynertmb@prweb.com,Male
805,Arlette,Folger,afolgermc@netvibes.com,Female
806,Ninette,Parkhouse,nparkhousemd@ebay.co.uk,Female
807,Pauletta,Le Cornu,plecornume@google.nl,Female
808,Reba,Congreve,rcongrevemf@independent.co.uk,Female
809,Mikkel,Gilling,mgillingmg@ning.com,Male
810,Webster,Linnard,wlinnardmh@shareasale.com,Male
811,Gael,Brosi,gbrosimi@mail.ru,Male
812,Conrado,Savaage,csavaagemj@moonfruit.com,Male
813,Heath,Ilyas,hilyasmk@jimdo.com,Female
814,Michaella,Littledyke,mlittledykeml@dagondesign.com,Female
815,Dulcy,Wyrill,dwyrillmm@zimbio.com,Female
816,Pierette,Tapply,ptapplymn@yahoo.co.jp,Female
817,Lilia,Shortland,lshortlandmo@tripadvisor.com,Female
818,Rachael,Forbes,rforbesmp@mac.com,Female
819,Cornell,Garoghan,cgaroghanmq@nps.gov,Male
820,Nealon,Humpherson,nhumphersonmr@mtv.com,Male
821,Zedekiah,Thoresbie,zthoresbiems@chron.com,Male
822,Francine,Maitland,fmaitlandmt@geocities.jp,Female
823,Ban,Pearson,bpearsonmu@mozilla.org,Male
824,Yorke,Peegrem,ypeegremmv@fda.gov,Male
825,Ranee,Matskiv,rmatskivmw@hugedomains.com,Female
826,Reeta,Blyde,rblydemx@dyndns.org,Female
827,Vivyanne,Hounsom,vhounsommy@printfriendly.com,Female
828,Sergei,Devenish,sdevenishmz@sbwire.com,Male
829,Brenden,Bolsover,bbolsovern0@seesaa.net,Male
830,Adella,Cheetam,acheetamn1@usnews.com,Female
831,Aundrea,Bernardo,abernardon2@nydailynews.com,Female
832,Averill,Shenfish,ashenfishn3@sciencedirect.com,Male
833,Tyne,Diament,tdiamentn4@wix.com,Female
834,Nichole,Garratty,ngarrattyn5@miitbeian.gov.cn,Male
835,Gabriel,De Hailes,gdehailesn6@wix.com,Male
836,Beale,Bownde,bbownden7@state.gov,Male
837,Ashlee,MacGee,amacgeen8@nps.gov,Female
838,Marlo,Hellings,mhellingsn9@mit.edu,Female
839,Amil,D'Adda,adaddana@opera.com,Female
840,Rudyard,Wreak,rwreaknb@posterous.com,Male
841,Alvan,Portam,aportamnc@house.gov,Male
842,Kelcy,Dybell,kdybellnd@theguardian.com,Female
843,Richart,Dayce,rdaycene@ehow.com,Male
844,Lynett,Deners,ldenersnf@epa.gov,Female
845,Johnathan,Darington,jdaringtonng@jigsy.com,Male
846,Richard,Norkutt,rnorkuttnh@seesaa.net,Male
847,Suzette,McClunaghan,smcclunaghanni@tripod.com,Female
848,Mirabel,Ficken,mfickennj@list-manage.com,Female
849,Trenton,Bubb,tbubbnk@apache.org,Male
850,Elisha,Yetton,eyettonnl@homestead.com,Male
851,Joscelin,Lightewood,jlightewoodnm@livejournal.com,Female
852,Lorry,Paynter,lpaynternn@mit.edu,Female
853,Carolus,Oman,comanno@blog.com,Male
854,Judye,Ugolotti,jugolottinp@studiopress.com,Female
855,Zelig,Gallamore,zgallamorenq@elegantthemes.com,Male
856,Adams,Garz,agarznr@twitpic.com,Male
857,Chrissy,Gallehock,cgallehockns@booking.com,Male
858,Renate,Stranio,rstraniont@symantec.com,Female
859,Bobette,Harme,bharmenu@forbes.com,Female
860,Maud,Woodwind,mwoodwindnv@dot.gov,Female
861,Nikolai,Mariyushkin,nmariyushkinnw@cdbaby.com,Male
862,Arlen,Riach,ariachnx@multiply.com,Female
863,Correy,Stollenhof,cstollenhofny@psu.edu,Female
864,Fabe,Wordington,fwordingtonnz@a8.net,Male
865,Elianora,Bryers,ebryerso0@columbia.edu,Female
866,Stillmann,Baumler,sbaumlero1@time.com,Male
867,Alfie,Sivil,asivilo2@qq.com,Female
868,Osmund,Cragell,ocragello3@friendfeed.com,Male
869,Umberto,Breydin,ubreydino4@fema.gov,Male
870,Bettina,Hoffner,bhoffnero5@cdbaby.com,Female
871,Clemmie,Chaney,cchaneyo6@51.la,Female
872,Rodolphe,Aindrais,raindraiso7@dropbox.com,Male
873,Celene,Millmoe,cmillmoeo8@geocities.com,Female
874,Wendi,Sanbrook,wsanbrooko9@ezinearticles.com,Female
875,Joly,Ingilson,jingilsonoa@dailymail.co.uk,Female
876,Farlay,Boni,fboniob@intel.com,Male
877,Krissie,Litt,klittoc@hatena.ne.jp,Female
878,Helenelizabeth,Lamden,hlamdenod@msn.com,Female
879,Elaina,Stickford,estickfordoe@ucoz.ru,Female
880,Ivor,Motton,imottonof@epa.gov,Male
881,Jehu,Millin,jmillinog@chron.com,Male
882,Kerby,Boorn,kboornoh@hubpages.com,Male
883,Marijn,Hortop,mhortopoi@quantcast.com,Male
884,Jermaine,Fowles,jfowlesoj@tripadvisor.com,Male
885,Jake,Ginley,jginleyok@yale.edu,Male
886,Calley,Chatband,cchatbandol@amazon.de,Female
887,Clemmie,Vahl,cvahlom@joomla.org,Female
888,Daria,Natalie,dnatalieon@163.com,Female
889,Yule,Phizackerly,yphizackerlyoo@toplist.cz,Male
890,Kerwin,Reimer,kreimerop@e-recht24.de,Male
891,Duffie,Wildin,dwildinoq@statcounter.com,Male
892,Marlow,Riglesford,mriglesfordor@cpanel.net,Male
893,Tiff,Abrahamson,tabrahamsonos@wikia.com,Female
894,Kathryn,McCamish,kmccamishot@stumbleupon.com,Female
895,Gerald,Brignell,gbrignellou@addthis.com,Male
896,Ki,Jack,kjackov@mozilla.org,Female
897,Teressa,Banck,tbanckow@google.co.uk,Female
898,Carlene,Congreve,ccongreveox@yelp.com,Female
899,Timi,Demongeot,tdemongeotoy@ezinearticles.com,Female
900,Terza,Raeside,traesideoz@deliciousdays.com,Female
901,Erin,Charnley,echarnleyp0@patch.com,Male
902,Ashla,Heindrich,aheindrichp1@ibm.com,Female
903,Rodrigo,Reuther,rreutherp2@hao123.com,Male
904,Salem,Farbrace,sfarbracep3@senate.gov,Male
905,Alina,Ireland,airelandp4@squidoo.com,Female
906,Albertine,Conradsen,aconradsenp5@usgs.gov,Female
907,Jeanine,Longmaid,jlongmaidp6@ucoz.com,Female
908,Trev,Dyas,tdyasp7@accuweather.com,Male
909,Harcourt,Sissel,hsisselp8@walmart.com,Male
910,Alexi,Children,achildrenp9@amazon.co.uk,Female
911,Helyn,Yven,hyvenpa@ask.com,Female
912,Mala,Hryskiewicz,mhryskiewiczpb@independent.co.uk,Female
913,Denny,Mochar,dmocharpc@blogs.com,Male
914,Jacklyn,Eakins,jeakinspd@msu.edu,Female
915,Angie,Aimable,aaimablepe@va.gov,Female
916,Jody,Deeks,jdeekspf@webeden.co.uk,Male
917,Peri,Paullin,ppaullinpg@yelp.com,Female
918,Iolande,Rubinowicz,irubinowiczph@msn.com,Female
919,Rozelle,Leaf,rleafpi@myspace.com,Female
920,Roosevelt,Geertz,rgeertzpj@examiner.com,Male
921,Orlando,De Bruijne,odebruijnepk@bravesites.com,Male
922,El,Pennicott,epennicottpl@yahoo.com,Male
923,Carita,Gavagan,cgavaganpm@shareasale.com,Female
924,Araldo,Spohr,aspohrpn@rambler.ru,Male
925,Lazaro,Deinhard,ldeinhardpo@shop-pro.jp,Male
926,Kristan,Cleyburn,kcleyburnpp@ask.com,Female
927,Chrysler,Pritchard,cpritchardpq@twitter.com,Female
928,Jock,Crick,jcrickpr@accuweather.com,Male
929,Darrin,Deason,ddeasonps@dyndns.org,Male
930,Laina,Hadingham,lhadinghampt@soup.io,Female
931,Andriana,O'Sheerin,aosheerinpu@ycombinator.com,Female
932,Cris,Danovich,cdanovichpv@youtube.com,Female
933,Agatha,Vasilov,avasilovpw@dyndns.org,Female
934,Jerrold,Cortes,jcortespx@pinterest.com,Male
935,Moyra,Bigmore,mbigmorepy@shareasale.com,Female
936,Katrina,Barbary,kbarbarypz@go.com,Female
937,Budd,Prier,bprierq0@wp.com,Male
938,Zerk,Attwill,zattwillq1@goo.ne.jp,Male
939,Tirrell,Biasio,tbiasioq2@about.com,Male
940,Adair,Prosser,aprosserq3@disqus.com,Male
941,Emmit,Mullarkey,emullarkeyq4@huffingtonpost.com,Male
942,Giacopo,Geard,ggeardq5@smh.com.au,Male
943,Ceciley,Faint,cfaintq6@google.ru,Female
944,Minerva,Pountney,mpountneyq7@simplemachines.org,Female
945,Cyrille,Docksey,cdockseyq8@cornell.edu,Male
946,Sheela,Binning,sbinningq9@berkeley.edu,Female
947,Mark,Jovicic,mjovicicqa@marriott.com,Male
948,Stevana,Rolfe,srolfeqb@people.com.cn,Female
949,Kimmy,Thurby,kthurbyqc@oaic.gov.au,Female
950,Caron,Fraschetti,cfraschettiqd@prweb.com,Female
951,Jenifer,Adolthine,jadolthineqe@github.io,Female
952,Denyse,Crum,dcrumqf@webnode.com,Female
953,Gardner,Macieja,gmaciejaqg@addtoany.com,Male
954,Raine,Doore,rdooreqh@quantcast.com,Female
955,Minni,Clancey,mclanceyqi@wikimedia.org,Female
956,Udell,Hayhow,uhayhowqj@wikipedia.org,Male
957,Sybilla,Bothwell,sbothwellqk@boston.com,Female
958,Francis,Matei,fmateiql@dedecms.com,Male
959,Olympe,Schurcke,oschurckeqm@msn.com,Female
960,Eolande,Keppe,ekeppeqn@google.co.jp,Female
961,Selia,Eastcott,seastcottqo@360.cn,Female
962,Bourke,Lafflina,blafflinaqp@si.edu,Male
963,Eduino,Erdes,eerdesqq@furl.net,Male
964,Cass,Daltry,cdaltryqr@nyu.edu,Male
965,Rebe,Zecchinelli,rzecchinelliqs@hugedomains.com,Female
966,Courtney,Filyakov,cfilyakovqt@wikia.com,Male
967,Clyve,Andriveau,candriveauqu@chron.com,Male
968,Cassie,Crosfield,ccrosfieldqv@zdnet.com,Male
969,Cyril,Fawlkes,cfawlkesqw@wufoo.com,Male
970,Aloise,Frazier,afrazierqx@sohu.com,Female
971,Josiah,Noads,jnoadsqy@dagondesign.com,Male
972,Farra,McKim,fmckimqz@oakley.com,Female
973,Timotheus,Cuttings,tcuttingsr0@google.co.uk,Male
974,Nerti,Drakeley,ndrakeleyr1@bloglovin.com,Female
975,Beatrice,Chestle,bchestler2@mail.ru,Female
976,Brander,McCann,bmccannr3@wsj.com,Male
977,Klement,Bennedick,kbennedickr4@unblog.fr,Male
978,Rani,Jeggo,rjeggor5@msn.com,Female
979,Karim,Brunstan,kbrunstanr6@wisc.edu,Male
980,Natka,Timoney,ntimoneyr7@unesco.org,Female
981,Wayne,Graffin,wgraffinr8@apache.org,Male
982,Debi,Porcas,dporcasr9@friendfeed.com,Female
983,Jaquenette,Spurge,jspurgera@rakuten.co.jp,Female
984,Reinold,Bonicelli,rbonicellirb@vkontakte.ru,Male
985,Guthrey,Docker,gdockerrc@woothemes.com,Male
986,Ronda,Skitt,rskittrd@java.com,Female
987,Shamus,Rollett,srollettre@tuttocitta.it,Male
988,Linea,Korlat,lkorlatrf@google.ca,Female
989,Idalia,Gibbard,igibbardrg@ucoz.com,Female
990,Flor,Marde,fmarderh@seesaa.net,Female
991,Ynez,Pidgley,ypidgleyri@webnode.com,Female
992,Ryley,Walklett,rwalklettrj@tumblr.com,Male
993,Ester,Stodart,estodartrk@jimdo.com,Female
994,Venus,Napthine,vnapthinerl@craigslist.org,Female
995,Pepita,Sabathe,psabatherm@reference.com,Female
996,Lucita,Smithson,lsmithsonrn@gravatar.com,Female
997,Gherardo,Rangeley,grangeleyro@bing.com,Male
998,Victoir,Dominey,vdomineyrp@admin.ch,Male
999,Pincus,Van Giffen,pvangiffenrq@examiner.com,Male
1000,Burton,Broadhead,bbroadheadrr@si.edu,Male